{
    "index to read": [0, 1, 2, 3, 4, 5, 6, 8, 10],
    "FE_mat":  [[0.1, 0.0, 0.0, 0.0, 0.0, 0.0, 0.0, 0.9],
                [0.05, 0.7, 0.0, 0.05, 0.0, 0.05, 0.0, 0.15],
                [0.05, 0.0, 0.7, 0.05, 0.0, 0.0, 0.05, 0.15],
                [0.05, 0.0, 0.0, 0.0, 0.7, 0.05, 0.05, 0.15]],
    "noise": {
        "vehicle" : {
            "rot_err": {
                "x" : 0.01, 
                "y" : 0.01, 
                "z" : 0.01
            },
            "pose_err": {
                "x" : 0.000243, 
                "y" : 0.000243, 
                "z" : 0.00518
            },
            "pix_err": 5, 
            "drop": 0.05
        },
        "infrastructure" : {
            "rot_err": {
                "x" : 0.01, 
                "y" : 0.01, 
                "z" : 0.01
            },
            "pose_err": {
                "x" : 0.000243, 
                "y" : 0.000243, 
                "z" : 0.00518
            },
            "pix_err": 5, 
            "drop": 0.05
        }
    }
}